Dr. Prajwal KC,https://www.practo.com/tumkur/doctor/prajwal-kc-general-practitioner?practice_id=1394180&specialization=Doctor&referrer=doctor_listing
Dr. Hithesh.NJ,https://www.practo.com/tumkur/doctor/dr-hithesh-nj-general-practitioner?practice_id=1221248&specialization=Doctor&referrer=doctor_listing
Dr. T.S.Vijayakumar,https://www.practo.com/tumkur/doctor/t-s-vijayakumar-general-surgeon?practice_id=1339120&specialization=Doctor&referrer=doctor_listing
Dr. Prarthana Harsha,https://www.practo.com/tumkur/doctor/prarthana-harsha-general-physician?practice_id=1339120&specialization=Doctor&referrer=doctor_listing
Dr. Sadhana M,https://www.lybrate.com/tumkur/doctor/dr-sadhana-m-homeopath?lpt=PS-SRP
Dr. Sunanda G V,https://www.lybrate.com/tumkur/doctor/dr-sunanda-gv-homeopathy-doctor?lpt=PS-SRP
A to Z Homeopathy,https://www.lybrate.com/tumkur/doctor/dr-atoz-homeopathy-homeopathy-doctor?lpt=PS-SRP
Dr. Shobha N,https://www.practo.com/tumkur/doctor/shobha-n-neurologist?practice_id=1192351&specialization=Doctor&referrer=doctor_listing
Dr. Yathish G C,https://www.practo.com/tumkur/doctor/dr-yathish-gc-rheumatologist-1?practice_id=1144233&specialization=Doctor&referrer=doctor_listing
Dr. Mahesh Rajashekaraiah,https://www.practo.com/tumkur/doctor/dr-mahesh-rajashekaraiah-hematologist?practice_id=836921&specialization=Doctor&referrer=doctor_listing
Mahaganga ENT Specialist,https://www.justdial.com/Tumkur/Mahaganga-Ent-Centre-Opposite-SIT-Back-Gate-Sit-Campus-Tumkur
Dr. Jayanth T R,https://www.lybrate.com/tumkur/doctor/dr-jayanth-t-r-ent-specialist
Dr. Munishwara G B,https://www.lybrate.com/tumkur/doctor/dr-g-b-munishwara-ear-nose-throat-ent-specialist
Dr. Narayanaswamy G S,https://www.justdial.com/Tumkur/Kavitha-ENT-Head-and-Neck-Care-Centre-Opposite-Old-KSRTC-Bus-Stand-Ashoka-Road-Tumkur
Dr. Rajeev Adhana,https://www.practo.com/delhi/clinic/adhana-ent-clinic-dilshad-garden?subscription_id=1296734&reach_subscription_id=45459&specialization=Ear-Nose-Throat%20(ENT)%20Specialist&ad_id=403277995611153&show_all=true
Dr. Vidit Tripathi,https://www.practo.com/delhi/doctor/dr-vidit-tripathi-ear-nose-throat-ent-specialist-3?specialization=Ear-Nose-Throat%20(ENT)%20Specialist&practice_id=736234
Dr. Arun Wadhawan,https://www.practo.com/delhi/doctor/dr-arun-wadhawan-ear-nose-throat-ent-specialist-1?specialization=Ear-Nose-Throat%20(ENT)%20Specialist&practice_id=710928
Dr. Ramesh,https://www.practo.com/tumkur/doctor/ramesh-68-orthopedist?practice_id=1182904&specialization=Doctor&referrer=doctor_listing
Dr. Anjan Kumar Valmiki,https://www.practo.com/tumkur/doctor/dr-v-anjan-kumar-valmiki-ortho-surgeon?practice_id=1389520&specialization=Doctor&referrer=doctor_listing
Dr. V Muralidhara,https://www.practo.com/tumkur/doctor/muralidhara-orthopedist?practice_id=1222067&specialization=Doctor&referrer=doctor_listing
Dr. Mahesh K U,https://www.practo.com/tumkur/doctor/dr-mahesh-k-u-orthopedist-4?practice_id=1360747&specialization=Doctor&referrer=doctor_listing
Dr. Anil Kumar,https://www.lybrate.com/tumkur/doctor/dr-anil-kumar-ayurvedic-specialist?lpt=PS-SRP
Dr. Prakash Paltye,https://www.lybrate.com/tumkur-bangalore/doctor/dr-prakash-paltye-ayurveda?lpt=PS-SRP
Dr. Kamaraj N,https://www.practo.com/tumkur/doctor/dr-kamaraj-2-ayurveda?practice_id=1243138&specialization=Doctor&referrer=doctor_listing
Dr. Sudhir Bhola,https://www.practo.com/delhi/doctor/sudhir-bhola-alternative-medicine?specialization=Ayurveda&practice_id=1065993
Dr. Jyoti Arora Monga,https://www.practo.com/delhi/doctor/dr-jyoti-arora-ayurveda?specialization=Ayurveda&practice_id=693424
Dr. Vijay Abbot,https://www.practo.com/delhi/doctor/dr-vijay-abbot-sexologist?specialization=Ayurveda&practice_id=688515
Dr. Rakesh Gupta,https://www.practo.com/delhi/doctor/dr-rakesh-gupta-ayurveda?specialization=Ayurveda&practice_id=825935
Dr. Sugeeta Mutreja,https://www.practo.com/delhi/doctor/sugeeta-mutreja-dietitian-nutritionist?specialization=Ayurveda&practice_id=1010860
Dr. Ruchi Gupta,https://www.practo.com/delhi/doctor/dr-ruchi-gupta-1-ayurveda?specialization=Ayurveda&practice_id=825935
Dr. Praveen Rustagi,https://www.practo.com/delhi/doctor/dr-praveen-rustagi-ayurveda?specialization=Ayurveda&practice_id=1121150
Dr. S.K Kashyap,https://www.practo.com/delhi/doctor/s-k-kashyap-dermatologist-cosmetologist?specialization=Dermatologist&practice_id=767677
Dr. Chethan R H,https://www.practo.com/tumkur/doctor/chethan-r-h-dermatologist?practice_id=1408556&specialization=Doctor&referrer=doctor_listing
Dr. Shamanth S,https://www.practo.com/tumkur/doctor/shamanth-s-dermatologist-cosmetologist?practice_id=783008&specialization=Doctor&referrer=doctor_listing
Dr. Pavithra G,https://www.lybrate.com/tumkur/doctor/dr-pavithra-g-dermatologist?lpt=PS-SRP
Dr. Vathsala S Gowda,https://www.lybrate.com/tumkur/doctor/dr-vathsala-s-dermatologist?lpt=PS-SRP
Dr. Shivananda Murthy,https://www.lybrate.com/tumkur/doctor/dr-h-shivananda-murthy-dermatologist?lpt=PS-SRP
Dr. Mithuna M N,https://www.lybrate.com/tumkur/doctor/dr-mithuna-mn-dermatologist?lpt=PS-SRP
Dr. Abhishek G N,https://www.lybrate.com/tumkur/doctor/dr-abhishek-g-n-dermatologist?lpt=PS-SRP
Dr. Ramya M N,https://www.lybrate.com/bangalore/doctor/dr-ramya-m-n-dermatologist?lpt=PS-SRP
Dr. Rachana J T,https://www.lybrate.com/tumkur/doctor/dr-rachana-jt-gynaecologist?lpt=PS-SRP
